{
    "accuracy": 0.9386009058882738,
    "precision": 0.9123222748815166,
    "recall": 0.8191489361702128,
    "f1": 0.8632286995515696
}