{
    "accuracy": 0.9451827242524917,
    "precision": 0.917312661498708,
    "recall": 0.8412322274881516,
    "f1": 0.8776266996291718
}