{
    "accuracy": 0.9307462686567164,
    "precision": 0.9005376344086021,
    "recall": 0.8091787439613527,
    "f1": 0.8524173027989822
}