{
    "accuracy": 0.933134328358209,
    "precision": 0.8994708994708994,
    "recall": 0.821256038647343,
    "f1": 0.8585858585858586
}